,affection,agitation,alarm,anticipation,attention,awareness,awe,belief,cognition,consciousness,craziness,curiosity,decision,desire,disarray,disgust,distrust,dominance,drunkenness,contemplation,earnestness,ecstasy,embarrassment,exaltation,exhaustion,fatigue,friendliness,imagination,insanity,inspiration,intrigue,judgment,laziness,lethargy,lust,nervousness,objectivity,opinion,patience,peacefulness,pensiveness,pity,planning,playfulness,reason,relaxation,satisfaction,self-consciousness,self-pity,seriousness,skepticism,sleepiness,stupor,subordination,thought,trance,transcendence,uneasiness,weariness,worry
affection,0.09212084803141483,0.01666999550480415,0.01626139344636975,0.019796417705832608,0.016383834114744898,0.01789198936095255,0.01854347703889354,0.014842039778866332,0.012842648490482257,0.016114550636044306,0.015003436379368617,0.02162769643761505,0.012982973454737265,0.027043809837619153,0.012230217160365424,0.013655225208036933,0.015240637676755936,0.013538355279397717,0.013552539328419677,0.011785071776893925,0.017583440638448456,0.02058919795756108,0.013141736100706989,0.0185625849013421,0.013380473738572232,0.011737615830998586,0.02928373615750264,0.01422363616261841,0.012714816859534014,0.015754207590631293,0.019070017394034078,0.012078738059855506,0.011951582034077785,0.011447525445936564,0.01859322536511992,0.0164288881156698,0.011727770874573279,0.012260697191673258,0.016887129986308903,0.016275695287433955,0.011986957804011286,0.01375981119649359,0.011875702578971437,0.028926799368733346,0.011885292991758651,0.01607809072060198,0.022235444021772906,0.013912156641572943,0.010242081995113747,0.014483017946047368,0.012170934624829844,0.012169998621387441,0.012854801963415262,0.012409118905299237,0.013355899710333826,0.013145182026590268,0.014546461332237965,0.014930592960772785,0.013187944874320172,0.014023837375522227
agitation,0.01406149377625544,0.07770588365688534,0.023626615586450454,0.0183704733482454,0.013729514662883848,0.014384411051561335,0.01493534244418276,0.013816547990351438,0.012338266821223338,0.014293695341288366,0.022152544592572977,0.015968217078844594,0.012012839890671888,0.01718521112855959,0.018876213064011136,0.020112803795018074,0.02249640315490945,0.013782485226839428,0.021031738332331667,0.011310039548210287,0.015275504444405294,0.0153384109230873,0.017837107646302728,0.01833671336499463,0.015695216445148066,0.013593527555690238,0.013804702731533704,0.012312955554632304,0.019002990466271494,0.012999674879318026,0.01627912526038255,0.014500510171890125,0.014158251107365846,0.013875184397849651,0.01984241491070367,0.02607023177323303,0.012979758517474169,0.013293167314103049,0.012923610727713523,0.010935067786777952,0.012287731203461853,0.017017755529293466,0.011929776994722084,0.015028204516566288,0.011647713610255447,0.010805834029205279,0.013988316295479343,0.016781492828570513,0.012699403844741573,0.015641018721415056,0.01495095407989841,0.012476320473089513,0.017782161764731255,0.01589224524451988,0.012603266350762489,0.015192238701217789,0.014939945834488742,0.0205239509097418,0.01644192814743077,0.020124874450234562
alarm,0.013881696162034551,0.02391059127300669,0.07863985499019716,0.02002566732092281,0.01581503629757235,0.015992027938097144,0.01355605121943799,0.013862091680878371,0.013488420413789125,0.014908533079377367,0.021009590429070347,0.016784760882768923,0.013725594859811016,0.01684960685187434,0.01912754747572275,0.01785478710676765,0.024293593756782417,0.01654228055335606,0.021162101778772542,0.011388437977086842,0.014824258127719776,0.013884930670337914,0.016161516691186362,0.01686320035484757,0.015788310029112768,0.013716119901562168,0.014071911777281508,0.011864497186323522,0.01801419597316239,0.01234223824460149,0.016505382061431227,0.016226012798146776,0.014319801404964198,0.013833045449365524,0.019904699412987947,0.02268805414605291,0.014036748684904973,0.014303242366313782,0.01273075215667171,0.010266097869313772,0.01193239096757265,0.015220363308761696,0.013418274406184087,0.015312632396419876,0.012427255820673604,0.010535399094884592,0.01370669209666931,0.016499573400969556,0.011526347499832747,0.015674558115012824,0.015520215620970624,0.012419871283326653,0.01756413051018013,0.018893590517113156,0.013341410643136584,0.014225073184439047,0.014142478819254388,0.018420051489700367,0.0158835044840695,0.018172898987214053
anticipation,0.016154804337693555,0.017772129290460154,0.019143322414089524,0.0751749279836343,0.019598080005210298,0.020985624935170977,0.014591119310776043,0.016291174184302266,0.01602964208242698,0.018412468975789503,0.017140526491361566,0.022445075135438388,0.016453054331797133,0.018639186313960183,0.015299418352138569,0.014260164987470259,0.01880575300582182,0.015620750331152693,0.016519146278067363,0.012986885236926543,0.017352490966236304,0.014757645258468205,0.01317530534314958,0.017531799992072803,0.013994168892040137,0.012115356502709305,0.017077843240638713,0.01376074587198341,0.014733541147013219,0.014138334640345486,0.020555786625527907,0.016107356324470284,0.012914023138253496,0.012123336534108417,0.01667970802931596,0.0175956101398549,0.015281663942425017,0.015723448388460456,0.015443602482617612,0.011744260938082434,0.012821982834695426,0.013779278997904907,0.015500569368321128,0.017926614953433947,0.014561528820622732,0.012016854170998764,0.016702061254449337,0.016411772872845728,0.010541970634249154,0.017047343917830644,0.01557679614535785,0.011643122655407609,0.014912531105340372,0.016142204996735837,0.015916072512436853,0.01373314330797024,0.015014719770321941,0.015621270840791754,0.01388208865611641,0.015118789802707524
attention,0.015368180816805225,0.01526743671620268,0.017377701613005177,0.02252710339244852,0.0864101674631892,0.026392556437204295,0.01250261396511692,0.015904941399498825,0.019544167259545255,0.01933440216961976,0.014805159914703677,0.021702565941562366,0.023249402172854657,0.01650988115080392,0.014341258164903297,0.012111477725571244,0.01696100931906452,0.019807709151363505,0.015167114911095321,0.013656804305990162,0.015713347205742505,0.012552722885309904,0.011237817717145819,0.01478322951441395,0.013959388413165606,0.012447623765996308,0.017038305762217484,0.013077632711191703,0.013028757428560148,0.012892828483582154,0.01877434466397093,0.01765333784537449,0.01322065003296562,0.012220572160144043,0.01492941302607676,0.014940092084644628,0.01732036604478161,0.01709852840386009,0.015360231344620468,0.011271487321664006,0.012547013118450318,0.01171287086216871,0.019913826100567206,0.01737018201502263,0.016778871135905066,0.01235051985790117,0.016064415611858975,0.01497225934938018,0.009359256266314958,0.016251145211895985,0.015598579212550598,0.011995802603043702,0.014132430610430805,0.01874018148377715,0.01795974606861997,0.012574089810945304,0.01365556667792269,0.013485489187338572,0.013163957327578895,0.012911466682350476
awareness,0.01563472330154189,0.014901420740885558,0.016370062271926823,0.022471826939463476,0.024587032073723442,0.08049881654959141,0.01334221617646105,0.016816712276764855,0.019634697699763417,0.020972107025726622,0.014533784972624635,0.023267178061929485,0.021132786880685775,0.016659920527651938,0.013952772631598439,0.01208095770456316,0.016107932607269632,0.016050787022282752,0.014834155211150363,0.014581502159946958,0.016809847240426296,0.013236274095472948,0.01104968000679104,0.015629172548055435,0.014053978723518563,0.012464201335293948,0.017069910700829038,0.014093378137670568,0.012858394991388912,0.013699261612047972,0.019884079555810057,0.016049461674480816,0.013354631899746675,0.012334875562547821,0.01398441206484751,0.014759721830419825,0.017112844945993293,0.016565566405901073,0.017012945997964334,0.01242284442213367,0.013474713445935647,0.01208883174586708,0.018599009414334337,0.01727476613032305,0.017006104390614677,0.01335951474482417,0.017543833176844596,0.015277089011457974,0.009809233629063299,0.01708741084957744,0.015535875872975403,0.012268875546943912,0.014252102345420405,0.016359455710501195,0.018798714218645013,0.013379009073438789,0.014671862924737912,0.01386705150077992,0.013495417447939398,0.012974252232884599
awe,0.016734946031655522,0.015979101439528708,0.014331167422368672,0.016136400355699125,0.012028931387927004,0.01377937596635829,0.0831363728044422,0.01812214449872439,0.012461213255224823,0.016036928729709417,0.016791111599351056,0.016984739549782826,0.011033600881542373,0.01829853432649591,0.013674882836297335,0.016882982263667523,0.014927763560443006,0.009483011859429185,0.014323644807390812,0.014145361762337189,0.02199721639262855,0.02596495051426336,0.016264921311312595,0.023673724752373265,0.012115725680135076,0.010585054686286925,0.015744364456341343,0.019517543472474908,0.015659496384827304,0.022370596778501232,0.0195690273293473,0.012204429028257968,0.01135080760251764,0.011012143616436135,0.014558303627959904,0.016853319444561025,0.012513502289529303,0.013464297644970912,0.017695629586543356,0.016390974737840746,0.015609634832407002,0.01974810465921295,0.011283744301755253,0.015883406443186136,0.012834462940476857,0.013359569807271033,0.01835999818370955,0.01766425074390729,0.015437540586826488,0.017375562360792088,0.014414654301612866,0.010746827094148976,0.013668757459081665,0.010323754258913307,0.013849750246948143,0.01658113156888491,0.019740618175798832,0.017310918354514426,0.013402166173493671,0.017606902831574296
belief,0.012299623736842234,0.013573811327248629,0.013456813231868389,0.016543809798236858,0.01405152267389639,0.01594805629783465,0.016640818293344038,0.07634070424191863,0.01771298481205412,0.02047959758290012,0.015508299901885422,0.017114296336953567,0.01493488485667925,0.013692875113627878,0.014618003780658032,0.013972023521609488,0.014791078952834606,0.010096245084327873,0.014471723561222805,0.018981678830703577,0.0225630088487984,0.01496288635967518,0.01302000459968386,0.018378582386050328,0.011576448794510622,0.01021516177140602,0.012593028866818175,0.02204077942893929,0.015188712587761334,0.020036899167552715,0.021141634584226396,0.015646326690403667,0.011457731313895247,0.010776132766523368,0.0115057770283336,0.014304133472829729,0.018060122531582377,0.019267266371885215,0.018204246031376197,0.012825766461257923,0.01857535651907485,0.01611805435033627,0.016233157928050884,0.012612428127939668,0.019346655655600332,0.011430011007224811,0.01540014706986119,0.020483530405077797,0.014236987243347776,0.022447177072591865,0.019295442314168486,0.01005117727199212,0.013875436554295106,0.011671010807352247,0.019636285344758125,0.016177093359524015,0.02059946278324341,0.014888032822581053,0.01258555411069449,0.015343497252129135
cognition,0.011380995308754515,0.012962352574911755,0.01400238341970142,0.01740741889303928,0.018464429751858635,0.019912156604577673,0.012236376508043607,0.01894170916087804,0.08163634939171725,0.02250015615497256,0.013832317858851039,0.017576515074293735,0.02293184752504034,0.012432494351233864,0.014965575486896055,0.011761318031430006,0.014760733912684194,0.012745418354885588,0.01492264692455097,0.019366605549038067,0.016551531378674093,0.011393096267781335,0.010524007067554962,0.014499864850111429,0.013541729380652538,0.01234202676817356,0.01214611476288628,0.01570139716499245,0.0133542102259588,0.013829537322998244,0.017973032781298914,0.017329307880426765,0.013835220681203008,0.012725046606393469,0.010848924139191108,0.01321004522558718,0.023962693305359092,0.020167425412903926,0.017155909869975342,0.011656998686060589,0.01684342213491779,0.012365984360295902,0.023890344495332012,0.01225582034342714,0.024402512978146565,0.012039545458435337,0.01458406080565811,0.0168329018911424,0.011385045161410902,0.019696731507487603,0.019139904461350252,0.011946774592999854,0.015045687588027393,0.015330511776795331,0.02549469997770333,0.014895454542087811,0.016238138357870604,0.013598426073409142,0.013632132642392674,0.012893980235568234
consciousness,0.013080730298606938,0.013755055178001147,0.014176333727770739,0.018315160403302538,0.01673160566196562,0.01948158505391129,0.01442453579619043,0.020060279319503344,0.020609795174081392,0.07477763390327406,0.01433112703739854,0.01961000789927427,0.017557610734819984,0.014170757652037754,0.014326662611341325,0.012464325875446693,0.014710952152375044,0.011407832282797027,0.014793374603765773,0.018712507510955073,0.018995546327639768,0.013471837115248722,0.01109571375109263,0.01680972337588852,0.013789157348752544,0.01228461464492405,0.013617986669737762,0.017259250524577267,0.013460056605786317,0.015503985333240638,0.02031440727672346,0.014752683071564103,0.01364533376405377,0.012646278131871923,0.011536518760830975,0.014113753374058964,0.018734722238098623,0.017178524431083076,0.020148800488539544,0.01371557068533365,0.017362117995940805,0.013468092683887366,0.017476403638498082,0.013717228641507793,0.019422547017719657,0.013607415408832965,0.017331203283233558,0.01717316665571361,0.01189951875983002,0.020678531380829413,0.017355243576891777,0.012252280050421087,0.01506544312538712,0.013361222686215169,0.022448463646143155,0.016081552058156957,0.018114355200512997,0.01479120070849334,0.014182949278153794,0.013638727407765963
craziness,0.012338034754562714,0.021596476019616766,0.020238953735499103,0.017272862363741863,0.012979603664700426,0.013677364165935223,0.015300356535369144,0.015389382864462425,0.012835847833789526,0.014518501778048762,0.07575532670597541,0.015035270476820663,0.012109598052473209,0.015169404250931568,0.02031314519516446,0.02227353778060955,0.02277783103490127,0.012414261862846047,0.02081568012530997,0.012143716241207417,0.016402896041330797,0.01504825092279248,0.02016037110784719,0.018764198027515108,0.013417807147008357,0.011646086950609385,0.012254500311082326,0.013613283269322686,0.02282604168059939,0.014398198377722488,0.016883785648715732,0.016327508371480004,0.012555005460393445,0.012213881590046143,0.017054151110983212,0.0229293259501794,0.01412022327859699,0.015242760736806296,0.012724569843573808,0.010164584675820156,0.01322503776018288,0.019358220020330108,0.012695953578735627,0.013095570000982104,0.012735999798639114,0.009550831764556702,0.012812282564634235,0.019773040999502736,0.014302417178006066,0.017148966493731335,0.017263148431259853,0.010649751894234038,0.01679243153406781,0.014651872578487745,0.013227386399860692,0.015418154149583545,0.016128888239001587,0.019638241780614962,0.014649822455554328,0.023179396433643425
curiosity,0.018002909376464555,0.015757701951570613,0.016366763690809447,0.022894881506285703,0.019259126909623874,0.022163817994819635,0.015666001955172378,0.017190687394924308,0.016509714097945393,0.02010927469883328,0.01521908095106101,0.07668145720356272,0.016404038806912227,0.019338395890818507,0.013595504855613179,0.013008425964956417,0.0160690251003839,0.013770391275098399,0.014676343157212082,0.014019066005661059,0.018635653423650332,0.015750540606304778,0.011983013372509522,0.017875136313437484,0.013693117491713614,0.01194779144134634,0.01909619652480287,0.015073032654568809,0.013256973994291935,0.015267343309155312,0.021816413934367923,0.01433974705205563,0.012732910538685298,0.011903005024784885,0.01495340879233267,0.0157555349226525,0.014945142030186716,0.015055010665166166,0.01804935588929462,0.01381374194974597,0.01359746664443047,0.013296011480615181,0.015185071025295625,0.019354553388942458,0.015044194215538566,0.014051326026899146,0.019986577166653686,0.015655108607165936,0.010440920621180448,0.017168996816542464,0.014705067009915742,0.01197017728906333,0.014022432392205474,0.014036795275898505,0.01687078852775629,0.013979958306161559,0.015696445086302527,0.014837402534784942,0.013566921636708498,0.013888107229157003
decision,0.012402885470698071,0.01360499156259284,0.015360132540027027,0.019261051953060156,0.023678458991263026,0.023103286789312654,0.011679726930165404,0.017216791030545266,0.02472076813853819,0.020663324145473963,0.014067698247849448,0.018826384413378198,0.0880048265969702,0.013466699932329853,0.014818976354143766,0.011591931640420597,0.015783884591086633,0.016578668790174205,0.015002537040784107,0.016186771568936987,0.015599805581960592,0.011228334682699792,0.010597124085515278,0.01393207766680693,0.01352517385934855,0.012292559591817713,0.013597196985203857,0.013971474087199036,0.013094324054259258,0.012938939634114318,0.017914815694838587,0.019160303428137456,0.013467664324011407,0.012363246139366313,0.012218042631729598,0.013583780880816463,0.021632405629547897,0.019980876023998007,0.015633817680103534,0.010821525927841044,0.01423571308119453,0.011612112387527448,0.026185008352947473,0.013744835131494899,0.02115435990190952,0.011655797271510185,0.014491475533902192,0.01578130523556126,0.010044859103875198,0.017645721872155698,0.017808728136105893,0.011745107334487692,0.014437791782841474,0.018115596036037348,0.021526999069946186,0.0132143819566112,0.01436750281040778,0.013029753271121934,0.013062848910412208,0.012566817502883628
desire,0.024576717590389742,0.018514624198105598,0.017937462282801294,0.02075715659004416,0.015995323684781508,0.01732596220045961,0.018426343603611114,0.01501593632652526,0.012749367144252862,0.01586482494796757,0.016763676925995195,0.021112711940655823,0.012810575032458065,0.08371705317591491,0.013445364673080029,0.015144836333413842,0.016964195377365144,0.013826308030173729,0.014847589076445384,0.011587327905823586,0.017789109931965277,0.020349166394192538,0.01458996490790906,0.01954960576481852,0.013460530176567726,0.011658142894822228,0.023769544483820213,0.013989623252460035,0.014119714180797896,0.015618766813617676,0.019484359996136513,0.012981539920854854,0.012003122813867674,0.011522306707039834,0.020343672855342793,0.018275385964880653,0.0120808758519328,0.012829444767479516,0.015722917455091325,0.014173970195943165,0.011989671403318629,0.014836399430998338,0.012008374654366372,0.025382766991807026,0.011902070741367154,0.01378898697866925,0.019688088664094563,0.014952451350619376,0.010776793909340785,0.015035324237530234,0.012974261833564258,0.011681917633439624,0.013592457659663094,0.013113358455029759,0.013205067912587347,0.013478921501761238,0.014850785707149624,0.016029880664416365,0.013515533619801972,0.015501764280670481
disarray,0.010433452801254515,0.019090301252442893,0.019114740177508763,0.015993875612168893,0.013042901712933319,0.013621434177334054,0.012926601364211183,0.015048171164199342,0.01440660539238489,0.015056538148725557,0.021072487837407193,0.013933390102942573,0.013233158919273404,0.012621485351757014,0.07858719983011232,0.019316831482587712,0.02106746232928423,0.012442758714923225,0.024892212752094977,0.01357557232559383,0.014837921482233913,0.012324744221465777,0.01651275422297524,0.016276975885661495,0.015629647549595088,0.013954746060661938,0.010483579720660541,0.01305370961333929,0.02217198263215686,0.012671415471351963,0.015277520721955378,0.017133856567568072,0.01533625540358034,0.014929734902331048,0.013988031196302585,0.019755172676700412,0.016572530492273727,0.01610114005278936,0.01271903646865216,0.009848567623708709,0.01467327061658392,0.017323512859012985,0.01416077981198206,0.011207955564685729,0.01417568573213905,0.00966136496743377,0.011916640512363644,0.019549915641911105,0.015163116934035091,0.01802131134930381,0.019588217525972666,0.012325374451803118,0.020806964863007992,0.01695155081329899,0.014606486927057951,0.017148535642972793,0.016245456065404083,0.019940386694532047,0.017138835626932775,0.020338132984462902
disgust,0.012044907696420347,0.02103203277326712,0.018449071270839387,0.01541395425995361,0.011389242088775986,0.012194792208062464,0.016501393775473047,0.01487187349335425,0.011706712539546957,0.0135443950429361,0.02389123300350201,0.013784687613680157,0.010703156020234084,0.01469985963835642,0.019973152269046494,0.08125732783969744,0.020066337095210447,0.010962175103538219,0.020178711090664565,0.012059946935157672,0.01615981901888385,0.016131761952575423,0.023938261350069427,0.01929752657080914,0.013551736435380018,0.011894528917158727,0.011636649239082633,0.013942401913683322,0.02424378804078614,0.014881535631064313,0.015740285770725938,0.014561360377913467,0.012734723914988328,0.012634319319732365,0.016534063494413633,0.022540306786907476,0.013066401190471704,0.013966972773210481,0.012591841304249299,0.010695684461578252,0.013721444754400316,0.02294580790591001,0.01134790215829588,0.012435624219244577,0.011871327044392872,0.00969200279276161,0.012603129168744533,0.019362043244985975,0.017062663979869074,0.016578161335066923,0.016402976524468264,0.010929946952736472,0.01713358431964926,0.013178537865254773,0.012352476484462511,0.01663486161709043,0.01682533801978312,0.021372385381430256,0.01531823776118012,0.02676261824887216
distrust,0.012660866159815792,0.022155287465643596,0.0236410775391761,0.01914414229487508,0.015021214664002842,0.015313290270489251,0.013741112072400294,0.014827294030610718,0.01383702043289016,0.01505522568986511,0.02301004129769483,0.016036787643345204,0.013725419020123246,0.015507348226265158,0.020515335236334194,0.01889834503817525,0.07652761991929552,0.015044313067019074,0.021637120748129877,0.011915563142655171,0.015470497838712169,0.013727867146517865,0.017297507839162014,0.0171558688888558,0.014291021841297843,0.012412973955124485,0.01287658788057563,0.012589256207090596,0.019998584859585798,0.013079679292149562,0.016900005822427244,0.01782458509255281,0.013280718231315873,0.0127902285006472,0.018028566407742103,0.022187700691834657,0.014914008904616896,0.01573201705691941,0.012579733735702236,0.009788744104273604,0.012513420031801517,0.016330771783574966,0.013993943321213129,0.013849236395904142,0.013179428668483291,0.009692586077637596,0.012910996814271356,0.018278247337122477,0.012400057832881329,0.01668630739350497,0.017175856361330944,0.011206274563760582,0.01716575564617729,0.017679641675105915,0.013768631250876384,0.014453766017735284,0.01484179535111007,0.01828440782131017,0.014904173056660789,0.019544124343627442
dominance,0.015088640354715948,0.01821024377349472,0.0215970684896445,0.021333936484830146,0.023534855221989507,0.02047146691994353,0.01171109080997307,0.01357831407301739,0.016029229500656675,0.01566294907271706,0.01682479781538991,0.01843733092277913,0.0193412835180901,0.016956430052548717,0.016255749284448277,0.013850846810664721,0.020183490902613205,0.10266966085848629,0.017261465355875805,0.011273010186057057,0.013792427917633398,0.012180925879629757,0.01323452105615729,0.01416874729250908,0.014813080365721485,0.013321118529284273,0.016444553140089736,0.011067370910288239,0.014646658909868396,0.011421132902712221,0.016399687688433078,0.0191671389824136,0.01365514011624763,0.012906815729720491,0.019504977117840987,0.017259831669425674,0.015501478050129752,0.01589353396767545,0.012485365961570492,0.009599185491075184,0.01083042796657089,0.01208195268579912,0.01744004426232343,0.01744795915723548,0.013972916760285321,0.010677192672990263,0.013753904786649866,0.014565933258823887,0.009228584545064554,0.014517429821755351,0.015042621972571488,0.012157039541039725,0.014975730964765255,0.0247206076586709,0.014594050427100522,0.011843151005660076,0.01222572125314177,0.01426699520612861,0.013698193900477194,0.014223990066584287
drunkenness,0.011216718817518017,0.02063594446219528,0.020517251349168236,0.01675396725311434,0.013382622097953746,0.014050002683394125,0.013136073038428857,0.014453305421776084,0.013936873941458627,0.015083378164841317,0.02094983052400561,0.014592529652098157,0.01299754411729735,0.013522129495810076,0.0241498686923381,0.018933633668206173,0.02155680266893035,0.012818541613070037,0.07624354554964259,0.012944468328404762,0.014740511032947753,0.012747896750296398,0.01593737862860271,0.016668286825049092,0.016802734239549828,0.014815624837074262,0.011211243874179806,0.01259536609422884,0.02042666833762465,0.012359471152027613,0.015429867476668462,0.015806549647684118,0.01605605564151005,0.01563223534118486,0.014845779558177482,0.021065620122170295,0.015431258244290279,0.01481107403327267,0.01298638277969129,0.01030998673836964,0.01400414848454043,0.016677912788099623,0.013435155477358442,0.012054795240322824,0.013327374443389047,0.010302888526196286,0.012632721625951368,0.018250974524687706,0.014029054208094133,0.017336387015125604,0.017686841852268646,0.01315055191755219,0.021512579600296237,0.017201625309716275,0.014155419915279849,0.017009212102481002,0.015847123731584683,0.020902451722355254,0.018141279863845925,0.01978647875660251
contemplation,0.010834382855202532,0.012326508898478838,0.012264541877420324,0.014630590523384505,0.013384868629634793,0.015340610539870392,0.01440963100840151,0.02105757384854739,0.020090919101968818,0.02119288795358538,0.013575889946076765,0.015483124171044556,0.015576992826581256,0.01172193308258549,0.014629726489992783,0.012569347524964618,0.013186399810381074,0.009298815813858658,0.0143784147465312,0.08468955942000474,0.01838972155676375,0.012773485659303908,0.01104935127031031,0.01605085230982831,0.01351128287094302,0.012487983708643239,0.011022057196991532,0.020466444991407387,0.013886941738507045,0.016503540766050658,0.017355971185423244,0.013997950697437315,0.014199128015747128,0.013339562507142286,0.009683520316325696,0.012929149673976506,0.020222051748996266,0.017563896575307547,0.020349629836501827,0.014631200399980313,0.025072885018028613,0.014544694375021025,0.01688882375636568,0.01104719478969083,0.02196452284642699,0.01358258420395068,0.015326066251683852,0.01803613452271845,0.015377144751506311,0.021678225846579413,0.018952866708080364,0.012557872972545403,0.015602675595181793,0.011804167577906423,0.023091135885360315,0.019040858782745904,0.020946981112028154,0.01492002184723484,0.014672548494022405,0.013836152568819588
earnestness,0.01429599867252063,0.014723471642250999,0.014118833976612883,0.017288502341921707,0.01361985320999665,0.015640219291168416,0.019817333652835622,0.022136523592758927,0.015185292887599155,0.019026050116901113,0.016217201906587264,0.018202156102746708,0.013276428506597666,0.01591508098650396,0.014141315799300605,0.014895069126439713,0.01514100314767462,0.010061602650420404,0.014480315449361344,0.016263493739079416,0.07489771474468311,0.01801795721024551,0.013971729162572109,0.021349938388306403,0.011828021550219597,0.010321119844005997,0.014300940396160054,0.02111685952742989,0.015247004173664279,0.021690325122456295,0.022640966597794458,0.014077485044380476,0.011366093868039467,0.010780977782256836,0.012857076011433563,0.015505274867106518,0.015147279480251082,0.016247345598059893,0.01859563162562236,0.014054849939744688,0.01681768788541467,0.01719033843160352,0.013820744805195115,0.014361543611322346,0.01578679509642866,0.012232509892986054,0.017224405370164758,0.019406786540252092,0.014005503914717011,0.02030009187066925,0.016731273503144142,0.01028703912847421,0.013756523535854225,0.011225001237071553,0.01678306473125999,0.016167298215285054,0.020571509097613894,0.01585127983455878,0.012866735564088945,0.016153530000185486
ecstasy,0.019202015804935798,0.016958669867101307,0.015169327667007508,0.016865894010899683,0.012480684808163648,0.014126727802219931,0.02683253765872471,0.016839319475385615,0.011990119517903493,0.015478198961855854,0.01706625260989571,0.017646981411756513,0.010961605762644802,0.020883246318518737,0.01347384110123657,0.017056290696071764,0.01541168705846141,0.010193034495573973,0.014364839373693773,0.01295820577103635,0.020668183333984593,0.08591427327618227,0.016718144429979594,0.023135069832028683,0.012327594575320025,0.010730960347482279,0.017771947813103445,0.01759276969476211,0.01540792601761086,0.02050938136403587,0.019373785948711086,0.012086505575821629,0.0113232197468578,0.011013387496402585,0.016435138690044093,0.017640680281291805,0.011886766593896314,0.012882296918167025,0.01693209632794518,0.01629097473878157,0.014182741356146075,0.018874322108160615,0.01096895593601448,0.018014818077893277,0.012065111468645744,0.01363472219507784,0.019007042655505936,0.01669600519340479,0.014167750729578352,0.016283802250694247,0.013626137698746616,0.010904875583604165,0.013483618191019633,0.010648009444770817,0.013132207707385067,0.015579633356823953,0.01801621256821636,0.0172534106585903,0.013380460296688582,0.017479579347537202
embarrassment,0.012752738058393163,0.020520084957102776,0.018371644619192842,0.015667376968204003,0.011625878001939422,0.012270685645688074,0.017489182866173195,0.015246269785525493,0.011524077760735147,0.013264538658175572,0.023789974225217177,0.013969610953275955,0.010764408063215106,0.015579335833696287,0.018783491691674793,0.026335325621102152,0.02020570249723224,0.011523243165818077,0.018686261883793482,0.011663141152325685,0.016675935869648533,0.017395278118563035,0.08939405232756699,0.01932631016216209,0.012269157608187715,0.010716423384321836,0.012357356127388789,0.014359925659492697,0.023695119569657253,0.016118732896781538,0.016234100060108784,0.015542447952883958,0.011451825580578431,0.011322360344913025,0.018274544190302774,0.02169696258905094,0.01286099669864585,0.014613623637336292,0.012238247521472023,0.010371262023364223,0.013110335172229615,0.02319709662809559,0.011504974448721552,0.01312642167813231,0.01186579245835136,0.009193821170464496,0.012480973497741434,0.019475903573615557,0.016783327040699382,0.01616919991031323,0.016356110558248843,0.009873215502238486,0.015418635907741205,0.012965707603597361,0.01208151061351109,0.015238003591498503,0.01631207823412368,0.01925317790472825,0.013733435341544937,0.024912644433495588
exaltation,0.014902572419240707,0.01745212471830681,0.01585908077758453,0.01724781963204767,0.012652757598763322,0.014359099516496547,0.02105989669630153,0.017804777985787775,0.013135938114952336,0.016625302751457,0.01831882219365265,0.01724009760379371,0.011708199407759912,0.01727049503620839,0.015318019594702926,0.01756385432507083,0.01657964499564048,0.010206340246834448,0.016168457754436018,0.014016802055539844,0.02108185269315616,0.019915270474680936,0.01598899017189905,0.07395724336920173,0.013176469363692671,0.011426155556096171,0.014381326775575987,0.01733549280135645,0.016826065610921776,0.018447938300755824,0.01986010350151308,0.013104758898919131,0.012346093004282183,0.011916484405625226,0.014685635554575348,0.01846028374868112,0.013430381267051822,0.01404648610519895,0.01677641992210108,0.014068219820205117,0.01541270669577789,0.01939387276614643,0.011968307542661316,0.014899342461593629,0.013199610402780108,0.01237822367966225,0.016995100851187873,0.01879432988319811,0.014717039034357988,0.018484199142101337,0.015508319079202677,0.011263488805347596,0.015232830216044484,0.011611107364046516,0.014358298168795724,0.01720925440725323,0.01973139499824804,0.018907261697812254,0.01452515453772243,0.018688383495992885
exhaustion,0.01242868791549142,0.0172832386176406,0.017179268291077365,0.015928900907507672,0.01382334874827634,0.014938999624855356,0.012470104111717116,0.012975703507128261,0.014193917450747962,0.015778936502263953,0.015155842740089203,0.015280012078228806,0.013150676219086261,0.013758147254739875,0.017018022381417933,0.01427066234397322,0.015979264909350758,0.012345678749359011,0.01885769445120085,0.01365143901075337,0.013513108398360067,0.012277918393457682,0.011744048630483745,0.0152450924257268,0.08556806680112647,0.026694066041636613,0.012234629289476807,0.011866520482526876,0.014372457478312962,0.011029912658892822,0.014219325566475463,0.01205952563740347,0.026824511455914666,0.026199284472348178,0.013095738765153346,0.017004528635729044,0.014174877557061268,0.012031976596977412,0.015235618185050143,0.013702359497465882,0.014508177422958301,0.013406837639591577,0.012504087730651819,0.01307721409916556,0.012698527739982887,0.015564178612181038,0.015308441058382938,0.014241837475987312,0.012372242261649716,0.015567040426448296,0.01410561666456635,0.02409108649848792,0.022705637589083345,0.016505768676644494,0.014563873605652176,0.01824810269551965,0.01510689117736866,0.019167549917596987,0.025883044090359283,0.014811731833236603
fatigue,0.011932123654434707,0.01638226889061978,0.016333691568691452,0.015092422656640224,0.01349016892285541,0.014500091457612028,0.011923336893752691,0.012530975136294118,0.01415789508893335,0.015384578426739908,0.014396689374602648,0.01459126877235109,0.013080718883076978,0.013041009849480291,0.016628991255101783,0.013708201881117583,0.015189847689364782,0.01215050551051336,0.018197539457318966,0.013808872875613673,0.012904881936054552,0.01169685350723164,0.011226309732898525,0.014468223155947481,0.029214522469074595,0.09364741236114514,0.011734742111110376,0.011550878818406211,0.013856230567822739,0.010566681572225758,0.013504591737870027,0.01167287332503171,0.029617882378431222,0.030285011883853324,0.01243198918325263,0.016106820163819896,0.014114472970946335,0.011690994228139144,0.015055697255771897,0.013930833744694343,0.014626354933841075,0.012907277732890032,0.012402968900190731,0.012513283390845484,0.01263133239210478,0.01624486236336598,0.014911019936283009,0.013678292213610006,0.012397584650004222,0.015082501839785448,0.013778065983588125,0.02832338517762198,0.022380326254599545,0.016474151458357487,0.014478246607346194,0.018230143894178232,0.014724686150909137,0.018428879883955765,0.025796972949913746,0.014190561937766516
friendliness,0.02910631168379502,0.01626641219301492,0.01638434247825429,0.020800732058598843,0.01805428020581156,0.01941602717527136,0.017340143193746244,0.015104023565995547,0.01362298950936615,0.016674768115609043,0.014811568429400578,0.022802115218188885,0.014146907549812002,0.025997138258712728,0.012214520006387378,0.013112455428408413,0.015406401344785617,0.014665557155123238,0.013463852132039753,0.011916573733172953,0.017482947257989965,0.018940364215963644,0.012657139180673477,0.017804790052164215,0.013091750261200493,0.011473512307612375,0.0915627056928975,0.014075619647152801,0.012506113073762551,0.015444940918118927,0.019542977113093406,0.012785122240261074,0.011755212756723745,0.011163157674151233,0.01836532911346445,0.01597386414286343,0.012275699169946322,0.012899536069470937,0.016736235839633504,0.015210487082700725,0.011833036504003384,0.013139627640392197,0.01279402517195389,0.03010813665952365,0.012485241666249142,0.01538988478146215,0.02158956717991504,0.013927762090890137,0.009768976751734278,0.014605374684123922,0.012459718496183216,0.011797909108944746,0.012634255542647488,0.013031348263347106,0.013928601916600723,0.012662781111072953,0.014189187461305944,0.014283954045901447,0.012747960060878707,0.013568027617530563
imagination,0.012763862164170527,0.01309898987950741,0.012471997983870645,0.015132070364845512,0.012511047916521146,0.014472881533065909,0.01940722679540708,0.023867129235222828,0.01589952396789892,0.019080054542292328,0.014855220561823958,0.016249487981207424,0.013123967201337171,0.013814064654570368,0.013731296061749103,0.014184187376948551,0.013599134333174117,0.008911108588824889,0.013656427685550584,0.019977536705485615,0.0233072031934776,0.016927713298133328,0.01327923220343707,0.019376925749224515,0.011464129181818517,0.010196441792567736,0.012708032106817164,0.08266647102586065,0.01481311358448601,0.023871889454362683,0.019869865318001202,0.013617774527943717,0.011389605490961564,0.010825729585541092,0.01108032776446658,0.013923650270137441,0.016093694255306185,0.016824761929969113,0.019934023848707783,0.015284362224307525,0.02065395288084798,0.01740800392893793,0.014161879023649446,0.01258918699273891,0.01761939176354948,0.012671997862657363,0.016483013510380756,0.019432323118873326,0.016338681531767506,0.020925701657451116,0.01746827091993786,0.01031032312368261,0.013568688390781897,0.010334601532254555,0.01813901113313029,0.017471079396308584,0.022756327308554865,0.015208058205235696,0.01274800939463954,0.015449335985618597
insanity,0.010933247452792423,0.019371579924310246,0.01814550982418753,0.015524982359449503,0.01194359717471113,0.01265302198589345,0.014920511582021933,0.015760202665977593,0.012957810632406452,0.014258444939821672,0.02386791190676084,0.013694653327405966,0.011786194094120758,0.013360077225482186,0.022348568531943603,0.023633875195583947,0.020700367438945565,0.011300390105499788,0.02122225111856903,0.012988940748968445,0.01612549103411858,0.014206132447584863,0.020996517854847605,0.01802182875399365,0.01330504378022971,0.011720504760701066,0.010819339012200767,0.014194299036866457,0.07921309746064689,0.014576758968176569,0.015914007859013486,0.01659648242339949,0.01281383869552777,0.01255680941119428,0.014912853042114885,0.020680717115812607,0.014878789887870543,0.015902573349594603,0.012536930347028222,0.00995591383328885,0.014439939574780609,0.021235456280057977,0.012817152726875296,0.011502039571160192,0.013297515340393633,0.009166372202325294,0.011939045279346982,0.021246439980207994,0.016974753702348903,0.0178488146502365,0.01890026037699259,0.010610433590439583,0.017582654199510047,0.014120342147315456,0.013489715400539067,0.01663657450191512,0.017052054789747192,0.019999354058878836,0.014983455524178535,0.024857558793687225
inspiration,0.014442136509071718,0.014127697796827099,0.013253910408386695,0.015882470055614595,0.012600163121932333,0.014371446182380232,0.022723713575092418,0.022164970613349863,0.014305955972873511,0.01750912482330213,0.016050471197914747,0.01681380178536685,0.012416094354954721,0.01575526155320827,0.013616519911065578,0.015466000550718565,0.014433501377471637,0.009394201406216328,0.01368956389868579,0.016456598209598727,0.02445627471538587,0.020159513579178324,0.015227025781807691,0.02106492568970753,0.010885619815281187,0.009528743745353079,0.014244934046704275,0.024386541079584947,0.015540206519495427,0.08444866902682675,0.020858881678014116,0.013856656781818315,0.010501756695626058,0.01003156693153069,0.012761704066011155,0.015008474543985835,0.014499680718197204,0.016271733929850225,0.018095170460460625,0.014677532417368468,0.01728971099808991,0.018812507454324078,0.013224996225343424,0.01409713842987447,0.01553987350016696,0.011986767765112096,0.016698070282272118,0.01943473101128525,0.015744789436539175,0.01925515585175106,0.016474502825612976,0.00956971661284481,0.012886363384774722,0.010276634335203923,0.015940121306322868,0.015974073573638725,0.020790846126511477,0.015388726805963988,0.01206794452905737,0.016568114019091005
intrigue,0.015244004580144627,0.01542705649833252,0.01545570380867724,0.020135711907694157,0.01599947928212268,0.018189547911305608,0.01733341263692108,0.020393337601522735,0.016212265202638187,0.02000499028096188,0.01641203985888679,0.020950718253000825,0.014990349608972393,0.017138709630927694,0.014315514974828372,0.014264481338247544,0.016262022452520085,0.011762492479512162,0.0149027021172202,0.015091241032548325,0.022260366266712534,0.016605619600328,0.013372897084822921,0.01977455417709838,0.012236950023539016,0.010619194772770936,0.015717302595074107,0.017699925311594433,0.01479409765377161,0.01818880303743964,0.07363866536152282,0.015229161579359036,0.011605471693841256,0.01091235522673604,0.013956230793358997,0.015933148168350657,0.015670069235005513,0.01680962368637654,0.017715796345722557,0.013002244983179779,0.014991911842158534,0.015345762077304769,0.015087535190708429,0.015881705241046824,0.015993770700502043,0.012098547049907041,0.017479184074715957,0.018378286807406254,0.012076564970022475,0.019442187935887756,0.016579596010365388,0.010472705361653132,0.013824932972136115,0.012646682542354478,0.01720135642339564,0.014803493027130814,0.01787859479609863,0.015329328791532157,0.012838975221660304,0.015420619910423348
judgment,0.011265721513290012,0.016033367759566496,0.017728193591916963,0.018409696160963628,0.01755324284739527,0.017130354472289656,0.012613097969640505,0.01760968580681341,0.018238663775450446,0.016950974433897984,0.018518342619534448,0.016067433408535593,0.01870644520918246,0.01332317264879941,0.018732627094312965,0.015396953186173507,0.020012281272608217,0.016040228100784443,0.0178126843100057,0.014201360803836587,0.01614923235338943,0.012087342027845687,0.014938471825836158,0.015224523027071453,0.012109156168660358,0.01070970149946066,0.01199724816631561,0.014153769422786028,0.018001737722147304,0.01409811426498867,0.0177691012166237,0.08592021901188947,0.011847857886607516,0.011147388019965565,0.014319788881417524,0.016329341624068325,0.020285147424775666,0.023848428785296798,0.01291227319423578,0.009048374470091962,0.013693157331246781,0.014743883410103792,0.02084918923414776,0.012453037978742042,0.018244663636235968,0.008894021966631556,0.012073547953906597,0.019619751865032432,0.012183109964066467,0.0183460699882756,0.02164839348294865,0.009711934685892383,0.0149486181176025,0.018120425807896946,0.01719386745442202,0.013434653556173456,0.014980453314762351,0.014646429388037653,0.012546281241681138,0.01642676564372276
laziness,0.011411178921953428,0.01602576435555664,0.016016120824639393,0.015109551905768915,0.013457085376289429,0.014591685872511174,0.012008775759884285,0.01320096006380959,0.014906152517679083,0.016050016722256352,0.014576953751728365,0.014604960134685437,0.013460117068552767,0.012610821030965962,0.01716447653992688,0.013784469065642548,0.01526393125926121,0.011698147118172521,0.018522466837510566,0.014746700046089625,0.013347677872000661,0.011592247907569082,0.011267540959781086,0.01468290113298945,0.02757294447411698,0.027817703125697223,0.011292105358756943,0.012118317548665623,0.01422804736682127,0.010937855677192384,0.013861809733034133,0.012128511555748393,0.08795550884654658,0.029236366568452368,0.011907110403875761,0.015936546538321147,0.015043480562704723,0.012364350569804157,0.015434266410249007,0.013632967011084308,0.015580987162595383,0.01322667584991324,0.01300059084894058,0.011987619474365269,0.013455535570172547,0.015442161713329971,0.014680818089608876,0.014370811443122182,0.012915509866413752,0.01596849870352574,0.014655500475270604,0.024876574265022027,0.02323638152882508,0.016228204212491517,0.015331249123564835,0.019081561082724744,0.0154482253037783,0.018575223863138184,0.025938467308271537,0.014430809318630111
lethargy,0.011314339130053953,0.01625774702754905,0.0160158724509762,0.014683332787680772,0.01287662934357306,0.013951495987944844,0.012060249590237906,0.012852341984756495,0.014192251790002115,0.015398077868172304,0.014679661168753732,0.014133240889775378,0.01279091243303274,0.01253144060686795,0.017297199059320364,0.014156790796978647,0.015217229775253843,0.011445966852463284,0.01866781559674109,0.01434125686507824,0.013105846764275394,0.011671618951323886,0.011531979175553153,0.014670433105177759,0.02787746067208051,0.029444722687652934,0.011100535829213479,0.011923486876343694,0.01443303977137833,0.01081562118060883,0.013492365204530033,0.011812810704275528,0.03026466385479741,0.0910490673725091,0.012007715402864253,0.016165332214762903,0.01447087843236586,0.011968169818744715,0.015041008755383112,0.013693773812704079,0.01540987155791884,0.013479812275536318,0.012409813465757737,0.011824603616848338,0.01290493132792211,0.01540793733186771,0.014419624447450326,0.014223268300988868,0.013319499067104178,0.0155965993313164,0.014352693266457038,0.025875286146433002,0.023497452722086754,0.015917487566947584,0.014664300935196358,0.019322497236529776,0.015347420577443396,0.019041308847456098,0.02687947909678873,0.014701730290193584
lust,0.018277429424434603,0.02312378552726462,0.02292087692063832,0.020092488714665797,0.015645743132006413,0.01573160474644489,0.015857620118847244,0.013648285576682758,0.012034315864945971,0.013970802943738711,0.02038615119514267,0.017659083427881663,0.012572262904166524,0.022005626633823282,0.01611844297971152,0.018426182753975378,0.021333459953146658,0.017203690753894958,0.01763267622590142,0.010354322893212265,0.01554504394766176,0.017323129897794397,0.018512123471036993,0.017981683145499524,0.013859149909872095,0.012021624308365599,0.018163452702727602,0.012137843081122002,0.01704833818878331,0.013684664983604997,0.017162499737743375,0.015092443174222902,0.012259186288480613,0.011942718452205988,0.09055622493404822,0.022105315112314842,0.012165759971781544,0.013312550120116312,0.012659519174491953,0.010972195792899786,0.010934253573786136,0.015853588117139192,0.012083607642424284,0.01980585398865523,0.0112388392480847,0.010879439844860995,0.014928063267028857,0.01558000608687517,0.011147774567327604,0.01439306535936809,0.0137481641219494,0.01127470682629479,0.014751261894587786,0.01600557799178103,0.012050820730970035,0.012970768680879045,0.013636608248628208,0.017197804583151555,0.013937185223986927,0.018082290916921376
nervousness,0.013566780782268636,0.025522167319938293,0.02194730043960973,0.017805651667122002,0.013152702299592454,0.013948106019938252,0.015421298476494776,0.014253842469060822,0.01230969497461142,0.014358113030393716,0.02302526702178669,0.01563037358007672,0.011741963841385783,0.01660654121718101,0.01912298033464628,0.021102011200063612,0.022055690302686757,0.012788540736733205,0.021018306797963515,0.011613594345549353,0.015748437292958373,0.015619839638384689,0.018463621057960237,0.018988218467323157,0.01511748131049048,0.013084001672697219,0.013271436444581812,0.012812983616059176,0.019860727886271842,0.013519801230839203,0.016459712644253374,0.014457721758127168,0.013783443573743592,0.013506278338910688,0.018569703242579432,0.07607230275838635,0.013094197468832725,0.013507290605952288,0.013065030056022749,0.010987742167508148,0.01273338698313947,0.018039692347706665,0.011844188525939133,0.01435852291371354,0.011811035809851532,0.010617168083311342,0.01383938760263862,0.017527737876023478,0.013410631938914013,0.01612543533105894,0.015366559891904866,0.012054628863020018,0.017716541740909926,0.014979914042547577,0.01271014758378411,0.015675090778094144,0.01558004715924069,0.021140413718548048,0.016204046853190105,0.021284523867478016
objectivity,0.010283371120012891,0.01349244552649438,0.014417892547527037,0.016420092086560253,0.016190869913976676,0.017171596858628783,0.012158101621674739,0.019109199510182494,0.023709916132455426,0.02023734351522291,0.01505588721728747,0.015743005730741222,0.019855292552278532,0.011656346601248731,0.017033934636158342,0.0129888713839644,0.015741791492716088,0.01219576216530713,0.016348436298348635,0.019287383154705646,0.016335936475482208,0.011175742287162541,0.011621012442446845,0.014668496135155654,0.013380907238885839,0.012174379879605228,0.010829429628659813,0.015725494546158406,0.015172200710731302,0.013868950376289676,0.017188697587674676,0.019070441922722052,0.013815393138430575,0.012837999595458859,0.010851727967881829,0.013903696766158375,0.08077518552576739,0.022253252826963436,0.01554898968566745,0.010637046932076904,0.01755733304518568,0.01355829124773813,0.022822365150444574,0.011077101166407852,0.024163659685485252,0.010625309053877895,0.013017127814446494,0.018718424278185906,0.012848037146246404,0.02084480171490769,0.022533400540538765,0.011422300974655662,0.016075298138472444,0.015594626597240197,0.022960502110022964,0.015708768148109273,0.016895172647950176,0.014451169302128261,0.013950325773573916,0.014243463729511609
opinion,0.010933067573695431,0.01405268659034608,0.014940894075176655,0.017181440471680423,0.01625468959163674,0.01690447109430865,0.01330385259081136,0.020732359581503445,0.020293253321833064,0.018871174508176238,0.016528568811313454,0.01612781389147294,0.018650600805447823,0.012588637317482804,0.016830212759084178,0.014119669887503433,0.01688694135107675,0.012716369537195097,0.015957625245243832,0.017036320062150136,0.01781962845644397,0.012317222224711908,0.013428703549771938,0.01560169457594025,0.01155074646271086,0.01025511317426948,0.011572848467219189,0.016718769968670815,0.016491311865034972,0.015827991853329452,0.018751537183990412,0.022800752962034168,0.011547635256490553,0.010797843639002302,0.012076128880895848,0.014585673037721776,0.02263082211587976,0.08214569210285953,0.014587963495146012,0.009993996588503883,0.01596618931180671,0.014803891166136068,0.02187527600515119,0.01177621130076039,0.02195499367241381,0.009514192810566358,0.012745189652219047,0.020580691494596452,0.013011260491048872,0.020523578450173042,0.02332357810842474,0.009591679233814198,0.014322335267120869,0.014798889853150227,0.019932014241135734,0.014337564235379147,0.0167638698623613,0.014136507857137551,0.01222702484556524,0.015402337213273457
patience,0.014753333934894603,0.013385118431092904,0.013028775863059776,0.016533616017165506,0.01430622870306522,0.017009137085550775,0.017130388003281313,0.0191914941485949,0.01691306951092943,0.021685514521227463,0.013518303354129632,0.018943647526817296,0.01429719382696832,0.015115114976185003,0.013025507447867369,0.012471507687792285,0.013229562910452516,0.009787040887217333,0.013708103323415637,0.019338326737263174,0.019981800610750125,0.015861259233149086,0.01101800236960272,0.01825621856587409,0.014329815990771946,0.012938899667494468,0.0147106351042467,0.01940697421107177,0.01273756668706263,0.017244957285456115,0.019361857702354403,0.012094824871169911,0.014122617618499991,0.013295164524108706,0.011251000782468896,0.013822165982538577,0.015492320210174262,0.014292300156813485,0.08048079421873412,0.01966648862763772,0.019091294260718164,0.014180729378214314,0.0140473426475445,0.014584389999816082,0.016557873248341442,0.018154055932411,0.0217063395940507,0.016012976371333663,0.013020972786688746,0.01912286434125073,0.015044694727137613,0.013697326344150499,0.014787144134148535,0.01135060744603237,0.019122320615265972,0.017892861259287286,0.019919822898907893,0.015425377665666854,0.015022077618400754,0.013522279413682926
peacefulness,0.01720914501761746,0.013707089459476502,0.012715702759029805,0.015217045612907258,0.012705567015472742,0.015031738843116687,0.019203985949585774,0.01636457899758253,0.013908517552934738,0.01786569167344908,0.013069354367600672,0.01754682935940679,0.011977320857916614,0.01649131372076223,0.012206718457628829,0.012821053631740978,0.012459093355084242,0.009106886576451036,0.01317142289074089,0.016827816066226686,0.018278279643729398,0.01846968210403515,0.011300577888153088,0.01852832251212315,0.015597726770431187,0.014489686822645773,0.016180881415657176,0.018009248650605585,0.01224226580137428,0.01692925747773,0.017198481637690492,0.010257767742253976,0.01509749899950944,0.014649584921605617,0.01180192662867651,0.01406888139009658,0.012826872633908953,0.011850374491243794,0.023801933797983725,0.09740419717383769,0.01778714907091276,0.014620127343852447,0.011513289898145358,0.015977978043811885,0.01353203423053361,0.02595009356028683,0.024060911693927402,0.014386951191892148,0.013744002506597804,0.016490344091121215,0.012891151693500797,0.016302153574796578,0.014763444711014465,0.010389917588912445,0.015668931659996922,0.01844199820650678,0.018821777946266337,0.01619940628301475,0.016323158979112316,0.013544857057774095
pensiveness,0.010767685049897485,0.013085463001901694,0.012556137575632523,0.014114108941921192,0.012015637016173163,0.013851644516248155,0.015537207497680006,0.020135030455990008,0.017073322833938923,0.019213313942290203,0.014446247132489919,0.014673676479824116,0.013385790684397396,0.011851263184000886,0.015450637651139854,0.01397360941554091,0.013530975598641226,0.008729206866535626,0.015199346568258278,0.02449885178968632,0.018580997131923998,0.013660486201077666,0.012136025069223632,0.017245249956842772,0.014030476883878384,0.012924436627744949,0.010694214271910462,0.02067497906524982,0.015084804114625606,0.016942060165508015,0.01684699340779215,0.013188017586570852,0.014658962003937034,0.014005377269460495,0.009991763054835347,0.013851240500936633,0.01798671602397265,0.016083767120283154,0.019629733926784475,0.015111235314732456,0.0827506273359707,0.016442075932422806,0.014528321593104488,0.010840573335267447,0.018487051746200883,0.013470254662304289,0.015119693968613785,0.01883508583167359,0.0181217904832155,0.02177537586533675,0.018613037357864053,0.01293711943710227,0.01669307381716793,0.011328240774886532,0.019621278544083992,0.021942001876521202,0.02332909242934149,0.016636762510005013,0.015823905445209358,0.015287945154229503
pity,0.01206452811676677,0.017689036141686872,0.015632848081495468,0.014805029097594902,0.010948491880525173,0.012129715920170344,0.019186251806161805,0.017053449765533926,0.012234913675844672,0.014547560418903028,0.020639921370328218,0.014005119423156132,0.010657627361435391,0.0143143086221031,0.01780491647041104,0.02280849393982758,0.017236309964991474,0.009504970986660862,0.017668285435159196,0.013871726538901515,0.018538374547721486,0.017744421040501196,0.02095949425868839,0.021180666360324184,0.012655241057809085,0.0111325502948852,0.011590982035916929,0.01700886640744091,0.021653115553158655,0.017993252240484748,0.016832101611530804,0.01386028960985718,0.012146284720215643,0.011958153800718466,0.014140509360990578,0.01915395030204987,0.01355759907999027,0.014556162087282078,0.014231874583550264,0.012123535168181156,0.01604874760297622,0.08077106185138787,0.011508944496967707,0.012117822195948794,0.012902176971922388,0.010375892002343087,0.013517663945426585,0.020971795982685497,0.02017926207190639,0.018244190167753922,0.017066619553745565,0.010580623086580575,0.016082779072596465,0.01145642134699585,0.013357857485047527,0.018266349268812477,0.019890429498897133,0.020343214245034,0.014633039909770456,0.023864180104246936
planning,0.011177372849969634,0.01331118670480716,0.014794228361184342,0.01787775508346502,0.0199815059448486,0.02003266237839644,0.011767941930622968,0.018436785581186686,0.025373313744378786,0.020263697825967313,0.014530832727194373,0.01716978367073615,0.025797913266397434,0.01243679997269107,0.015623333681085212,0.012108529365148347,0.015854781348114848,0.01472800111763641,0.015278403153763373,0.017290513176039295,0.015999309296088976,0.011069763030193223,0.011158745863944192,0.014031056658811256,0.012670059222984031,0.011483340068184612,0.01211509813191875,0.01485353537712955,0.014029200324646543,0.013578165588138806,0.017764408052721236,0.021039341787272355,0.012815583898518366,0.011817567865826243,0.011569555098915876,0.013499481926046043,0.02449745894727627,0.023089105139459335,0.015133531168571164,0.010248495671298838,0.015222378027499093,0.012354297532350029,0.08670384416040967,0.012269259583127048,0.023732210520916164,0.010550582303808887,0.013334005731123479,0.017182058735378924,0.011024684292947439,0.018798826552097365,0.020104222759594476,0.010826225578593796,0.014475828196491937,0.016994676977324392,0.02231964132169439,0.013641966349158824,0.01511585906639925,0.013158300964680425,0.01269552972127409,0.01319745662355135
playfulness,0.02790758786953686,0.0171883044607014,0.01730561339561002,0.02119361859039446,0.017865672441884493,0.019072276116477077,0.016979794170842093,0.014683256554918362,0.013342544349183917,0.016303261820283528,0.015363532221116239,0.022432239943264275,0.013880748581246596,0.026946655794405524,0.012675188614460434,0.013601440259099913,0.016083755649730493,0.015103665306474704,0.01405195008969662,0.011593164089851185,0.01704167973043915,0.018635643962833945,0.013050212141166598,0.01790466633330149,0.013582613988792918,0.011875594047204802,0.029224366496769325,0.013534684317512664,0.012904991008733388,0.014836040149134984,0.01916774695711431,0.012881302581071709,0.012112945071007207,0.011542262162991005,0.019438158012887348,0.01677502003102239,0.01218787531454752,0.012740915672356154,0.016105561123161038,0.014578874370996368,0.011642890193621061,0.013333637019242202,0.012576501490644078,0.08887504726263586,0.012158642258921734,0.014898015766969083,0.02076519062559431,0.014006224780090299,0.009836081968313306,0.014531350487055918,0.012509398977162686,0.012075897635860328,0.013096240728114376,0.01355329850213039,0.01359338805305602,0.01278926046839375,0.014058223142068614,0.014807186464721586,0.013196664159753811,0.014001436223428117
reason,0.010751940275658008,0.01249170324851613,0.013169443181639281,0.016142427023243266,0.016182021361787258,0.017605575387794333,0.012865347050750346,0.02111954795154451,0.024910695610437964,0.021645585643600616,0.014010535870576973,0.0163498379439047,0.020032182843721828,0.011847957091898417,0.015032359048135437,0.012175074055722539,0.01435202742702661,0.011341743539438464,0.014567210434996739,0.021613583485848995,0.017565490581929546,0.011703099465014438,0.011061728668114442,0.014873571857591725,0.01236734653788874,0.01124056808338957,0.011363528714450677,0.017762185125141307,0.013989699391749395,0.015335203671137547,0.018100052517361374,0.017696010362794827,0.012748903138313861,0.011811772523950393,0.010342797653073907,0.0129388685794915,0.02492984766622593,0.022273240248496327,0.01714538250714614,0.011577646759986812,0.01861792344938147,0.013311962347499021,0.022810495400211003,0.011400925667380836,0.0833364273698212,0.011283049774113239,0.01392373981931304,0.01824665761684486,0.012730268114712678,0.020989208314210635,0.02089884650855085,0.010882177998868288,0.014507330870210045,0.01372822121742686,0.025461952703921823,0.015390346985700487,0.01754218422628138,0.013563596474940235,0.012928764170085472,0.01341217844103568
relaxation,0.017456753625460158,0.013908853226524416,0.013399704556175214,0.015988388962794173,0.014295762566350031,0.01659923689490691,0.01607268140211589,0.014975365180400066,0.014750727841672582,0.018200815991076386,0.012609996169779597,0.01832794987031208,0.013247149228004226,0.01647423905359302,0.012296276172226915,0.011929930928974673,0.012668009926189955,0.010401641641070566,0.013515834083521134,0.016041296549754235,0.01633555686642368,0.01587332498095053,0.010286659448441367,0.016740350475007347,0.018192878569418185,0.01735030803150131,0.016811392419348193,0.015332134757384784,0.011574105243592963,0.014196988061081278,0.016432901197424587,0.010353561257389048,0.017560302207125827,0.0169260623672242,0.012016421693072876,0.013959474349043408,0.01315680814777439,0.011584414548696879,0.022561519757659968,0.02664699201852275,0.01628138876706249,0.012848622971029598,0.012170964947181269,0.016766233873746313,0.01354186751656453,0.1000200195283296,0.024107201465960175,0.013364027192193068,0.011872245847277085,0.01569894240005986,0.012508074690262841,0.020064202290641445,0.015576982958503934,0.011815772305671522,0.01603598739797671,0.017419768417401022,0.016734992164220662,0.01576535510090308,0.017753254567029638,0.01260132532999933
satisfaction,0.019945273009324797,0.014875228525340699,0.014402638466794493,0.018359005738913272,0.015362156704550137,0.018008896393921007,0.018248772941808208,0.016669432412896326,0.014762061042358377,0.019151778192560878,0.013975438352697288,0.0215377421640236,0.01360686959394922,0.019433084086989273,0.012530088254147255,0.012816456185076812,0.013940991859226985,0.011069703596089362,0.013691339771828,0.014953846944868853,0.019003245424952728,0.018281058343217207,0.011536974758638109,0.018988695798516475,0.014783298709772363,0.013157206032806255,0.019483968751513703,0.016476286021000774,0.012454454480716425,0.01633900409851794,0.019614053406865894,0.011611588650439533,0.013792383302862261,0.013086712275388055,0.013621886697877327,0.01503288780652165,0.013316476015307626,0.012820755425220653,0.022286734834294927,0.02041204486635468,0.015098152657817481,0.013829228717988825,0.012707917613045579,0.0193067060254059,0.01380616715751311,0.019916451751925805,0.08263273096943488,0.014697845437351056,0.011480858250214965,0.016629560272992176,0.013259321040569526,0.014059849879136695,0.014226017222219348,0.011791669821348395,0.01599280548373701,0.015826821950563407,0.017184600339019276,0.015615640321071288,0.014902114714904196,0.01359502043559167
self-consciousness,0.011209100182950389,0.016029165289623802,0.015572711242158026,0.016203793369116076,0.012860466240425679,0.014085923729980476,0.015770242352310723,0.019915117266016597,0.015304164868053523,0.017045623219506884,0.019372894370665826,0.015153046176662724,0.01330977296505665,0.013256616242466514,0.018464063809441458,0.017685725031048788,0.01772762524637186,0.010530049369829196,0.017767126478379816,0.01580694024115757,0.019231771098488806,0.014423859036631148,0.01617049111305086,0.01886167899541552,0.012353457465930777,0.010841024228515088,0.011290077969369686,0.01744735284627064,0.019907805734361607,0.017081261604267005,0.01852393870221716,0.01694854240204644,0.012126974512141843,0.011594662722604681,0.012769783450841342,0.017101473277673928,0.017199884947802852,0.018595565445252534,0.014767739687832787,0.010962896607346116,0.016893923680577308,0.01927143484162085,0.014708590783118609,0.011697026298162279,0.016251096297193887,0.009917098681588464,0.01320188024590899,0.07422226769908835,0.016176319476543303,0.021796442346541857,0.021574831784336546,0.010186140713002055,0.015947419725090308,0.012886293907846142,0.01634724074071405,0.01707287276295661,0.01979866916165857,0.017521177667535227,0.01379122023938886,0.01946764340784454
self-pity,0.010407621061399525,0.01529856093995277,0.01372050684830271,0.013127134396570959,0.010139058814298307,0.011406876326157013,0.01738233798186395,0.01745754154072801,0.01305486340747628,0.01489631437059971,0.017673290506531762,0.012745873000641955,0.010684605904319624,0.012050270476325004,0.018061666535705616,0.01965646656601243,0.015167941825775353,0.008414224940988483,0.01722449347983365,0.01699679276456008,0.017504564995926473,0.01543678077303892,0.017574807742495896,0.01862777042035111,0.013534987072161827,0.012392600539350769,0.009987380790878303,0.018501577518143943,0.020059847910686514,0.017452803459907292,0.01535177737010018,0.013273453691367676,0.013745788593062294,0.01369410143239995,0.011523675449630972,0.016502275401497044,0.01488949504680038,0.014827083349023426,0.01514510637111827,0.013208597452998728,0.020499863076978476,0.02338679121487539,0.011902795136074893,0.01036008800943362,0.014299597800811319,0.011111356874820838,0.01300598949609911,0.02040171359769808,0.09360976397407665,0.019097834530984965,0.01821257898563747,0.011872469149387608,0.01749229210689443,0.011022091232016813,0.014575513060899173,0.021999720509922143,0.02181683227504056,0.019821224631521736,0.016150144532488562,0.020560422735355
seriousness,0.011389902423730619,0.014582433154498626,0.014440142013072926,0.016428675976089317,0.013625046280865201,0.015378204365144307,0.01514142183370435,0.021302198755798866,0.017479517938017594,0.020033961465456995,0.016399992079355424,0.016220843147018552,0.014526192668233143,0.013011211223639161,0.016613205506779832,0.01478062121397449,0.015796500852503677,0.010243926879369002,0.016473063459025324,0.01854439737658162,0.019635786370841252,0.013731227442362362,0.013103845615773893,0.01810667830030594,0.013179932769551612,0.011668001260687401,0.011556144058280976,0.018338739982992753,0.016324175149201373,0.01651859445367576,0.019127494694685852,0.01546915291562414,0.013152851108624594,0.012410042701514037,0.011514732412415017,0.01535690674672934,0.018695568079825056,0.018100357583980407,0.01721391097432558,0.012265094781039288,0.01906396479038203,0.016363931772469725,0.015707651232475275,0.0118452708363235,0.01824651974951683,0.01137109591986341,0.014579664197705068,0.021275033663131313,0.014780251972335803,0.07244674239704903,0.020547028522124436,0.011244225656880085,0.01618660371161456,0.012730443495559645,0.019262786286446783,0.018066038891301955,0.02101573382029682,0.01663063188084659,0.014458461414924116,0.016297223773457388
skepticism,0.01023675087721799,0.014907716873701259,0.015291538361708172,0.016054664986818325,0.013986734397712435,0.014953483609805019,0.013434122089524695,0.019583698234114846,0.01816570770430458,0.017982709396773655,0.01765643261026656,0.014858425209060102,0.0156791510688239,0.012007839028230024,0.019312532856490646,0.01564070262653246,0.017389869580949683,0.011352134975258124,0.01797394218843237,0.01733968352732878,0.017308385671946397,0.012288633290919965,0.014176451770490433,0.01624726053469947,0.012772516986810027,0.011399573699502225,0.010543522877074584,0.016372562334849062,0.018487020526059283,0.01511526062741808,0.017444726596697758,0.01952209535357807,0.012910222894647489,0.01221389083216772,0.011763120080733267,0.015651148861679523,0.021614485602770482,0.021999181155293812,0.01448395805086337,0.010254398240623923,0.01742778068876969,0.016371476423755218,0.017965738193247965,0.010905679529486376,0.019430481819425454,0.009689461978662784,0.012432695922542208,0.022522123268350677,0.01507462196966027,0.021974868950753183,0.07748116319446871,0.010539983630445724,0.016536217349547085,0.014524330882782634,0.01870039075979837,0.016574834372395982,0.018252353353237605,0.0161311235823664,0.01394816111466947,0.017140256823755525
sleepiness,0.012853381809536305,0.015621309063889338,0.015365942284632035,0.015068889858590522,0.013506700520096657,0.014828597330896934,0.012576911232738302,0.012809895219159014,0.014238095468745292,0.015941530059451873,0.013677638507487308,0.015187805685723189,0.012984801207635538,0.013576412146708032,0.015259247401895756,0.013087006691017575,0.014247145479806385,0.011520478253725116,0.016781303919024156,0.01442683347347807,0.01336308194470872,0.012349239141736959,0.01074570214431115,0.014817571216332178,0.02739236142895229,0.029426200080756436,0.012536353649901459,0.012134662017806481,0.013032296208245269,0.011025316736152146,0.013836867534420599,0.010997530734244663,0.027517712884311034,0.02764995738395748,0.012113558889730846,0.015417433637838018,0.013758162732891006,0.01136042712846251,0.016558780767122184,0.016283663367857176,0.015210766496474732,0.012745012276460578,0.012148524267275279,0.013219784783934973,0.012704739180078785,0.019517301427871236,0.016554397688591203,0.013352428431425376,0.01233970297895167,0.015100644984519648,0.013235142178473127,0.09729371951490463,0.020775195717518274,0.015047172976498678,0.014807126808423452,0.01858563328589962,0.015169898725679783,0.017933312829564636,0.024775774206846006,0.013606915996632486
stupor,0.010971784869027093,0.017992871300273064,0.017561183130975017,0.015597254629024478,0.012859433452580898,0.013920641753673767,0.0129272987411985,0.014290924153960008,0.014490997596181561,0.01584090580108397,0.017428910154286718,0.01437814363426971,0.012899239401941934,0.012765971670905155,0.020817412101117136,0.01657889229583148,0.017636586788343976,0.011468740399160354,0.02218498945268755,0.014485684624327656,0.014441421671583679,0.012339880267087835,0.013561481904843726,0.016194580649220445,0.020863722693300592,0.018790591533791996,0.010849278545055553,0.01290560269217155,0.017452484437459007,0.011997959320546245,0.014761379513430213,0.013679665952819428,0.02077185458538905,0.0202915444239855,0.012807981286017381,0.01831142781519506,0.015647713736671332,0.013708781774400228,0.014446474418863747,0.011917354304199988,0.015861156100278526,0.015655794934508187,0.013127284192947555,0.011586082726432037,0.013687447241135015,0.012245209792320945,0.013536333455037245,0.016893748556079658,0.014692489574493556,0.017567367742620847,0.016780691771043212,0.01678920521408005,0.07862665869373618,0.01606067900608345,0.015052260552995094,0.020045125668579064,0.01676685894214283,0.021411424075715477,0.02333834937892874,0.017436784903959886
subordination,0.012105547084778533,0.01837946041936983,0.021591021859334383,0.0192970641263744,0.019489933085156647,0.0182633632515903,0.011159583554879487,0.013738955336793368,0.016876192861250566,0.016057424384433184,0.017381264164013203,0.01645049653350957,0.018498969596688782,0.014076717742217252,0.01938469730184659,0.014574917154391532,0.020761400892846876,0.021638064797577173,0.02027532395140873,0.012525841020348647,0.013468500079468454,0.011137930646302321,0.013034338672084084,0.014108938101581524,0.017335063485982984,0.015809155649981987,0.012790046879351235,0.011234810216875871,0.01601952471639284,0.010936025066161639,0.015433773087460833,0.01895284565812575,0.01658092753096252,0.01571087669697977,0.015883801640774027,0.017696368814692106,0.01734995763343201,0.016189958936701908,0.012674424627433631,0.009585964893605772,0.01230247748032828,0.012746606765909227,0.017614728904077327,0.013704606219133022,0.014804058512777708,0.010616383072485835,0.012824032390818571,0.015602536807008453,0.010581427330592672,0.015791597792537644,0.01684617875301947,0.013898614501305353,0.01835673694176276,0.08986723971657587,0.01555490828323934,0.013760060323235353,0.013251267786952094,0.015949127468871,0.016311938331474457,0.015156000464735078
thought,0.011451390961092166,0.01281068141886868,0.013399915753357415,0.01672268112372778,0.016416416621878278,0.01844512786553602,0.013158121412945869,0.02031637369599868,0.02466660333462037,0.02371143972680915,0.013791258061012546,0.017377529901146195,0.019320573813273036,0.012458613882329132,0.014680369269280525,0.012007000246423176,0.01421070363973729,0.011227336395010492,0.014664345798824793,0.021535672770409606,0.01769887748157875,0.012073006722359633,0.010674698933497394,0.015334346508002977,0.013443371523694238,0.012211336760206361,0.012015225577009745,0.01733114393951962,0.013450821567721427,0.014908770625460132,0.018450145961390815,0.015805972399840162,0.013767577041024586,0.012721223504583563,0.010510934663038068,0.013196751860288458,0.02245155558924515,0.019165026138229797,0.01876684910823648,0.012705879591122833,0.01872832892884741,0.013062431724391048,0.02033255137100802,0.012080666363460576,0.024132362974126662,0.012663442753076161,0.015286764284887972,0.01739615463198513,0.01229831806724119,0.02100115907185388,0.01906327749404748,0.012020679255923249,0.015120805500766131,0.013671276670461575,0.07898470858229602,0.016078075133368265,0.01784282001379594,0.01407945336443545,0.013890702277108655,0.013210350348587611
trance,0.011280255707083946,0.015455324909114105,0.01429954019776771,0.014441330220293494,0.011503287619927598,0.013138467773358682,0.01576642976016959,0.016751534549181452,0.014423825254922086,0.01700068847358162,0.016089015698303098,0.014412050869654356,0.011869997616381418,0.012727745384102037,0.017249856772795193,0.016183293983373877,0.014930456306381163,0.009118752049413908,0.017635646307157134,0.01777325312290853,0.017063933497269396,0.014335147952372755,0.013475029181438027,0.018394653320602656,0.016858396485268868,0.01538879387687921,0.01093253180771838,0.016707082092323525,0.016602641142127155,0.014953165454609842,0.015891634294011078,0.012360651551113556,0.017149881516430106,0.01677637092354422,0.011322900011083329,0.01628897547056958,0.015373559504549127,0.013797514245722205,0.017575100147657317,0.014967200339188766,0.020961155535171746,0.01787747719304674,0.012437952340540724,0.011375640406982815,0.014599023262854218,0.013767836808397476,0.015140906514088297,0.01818371651560088,0.018578313228670127,0.01971307373508947,0.01691076805397083,0.015100899757646023,0.020153442030456905,0.012104008022369198,0.01609167679893888,0.07905152774954191,0.021840456398269464,0.020749727826177962,0.019731372486131542,0.01736510994570476
transcendence,0.011923557917260652,0.014517824945163587,0.013579671648609317,0.015081712108028196,0.011933046044512155,0.013762654303329843,0.017929827524629946,0.020375401179454883,0.015019625282281141,0.018291848523690424,0.0160767290752847,0.015456721565089997,0.012327676670624968,0.013394975837180875,0.015609411488457669,0.01563535324404947,0.014644504046721579,0.008991637671878758,0.015694728262944428,0.018676608000619783,0.020739774079763566,0.015834509409600992,0.013778663910330332,0.02014575330613632,0.013331217575484219,0.011872897027559896,0.011701602597679031,0.020786396605626367,0.01625496952531339,0.018590274009098916,0.01833301563757703,0.013165459339244633,0.013262395816741648,0.012728180602947323,0.011370890850701112,0.01546495430383423,0.01579396262327647,0.015409761735048058,0.01868958488666905,0.014591146242877988,0.021287908013184264,0.01859494099978671,0.013164395367446858,0.011944198815927865,0.01589480576866454,0.012634120488762147,0.01570340263152443,0.020142260827316287,0.01759855373746919,0.021904438916454928,0.017788084008712055,0.011773465371232012,0.016102315300376077,0.011134288343220772,0.017057952884139718,0.02086209304510784,0.07551034178019929,0.01793118136551122,0.015132398121239806,0.01706992878840103
uneasiness,0.012311282512326343,0.02006278561716147,0.017792308682800417,0.01578437936527904,0.011854576050715541,0.013085152896468078,0.01581660265147517,0.014813760684856936,0.0126528755849413,0.015025048406238794,0.019691264051987543,0.01469777824477167,0.011246408891163635,0.014544557910207903,0.019273737082409786,0.019979040583819472,0.018148755989639526,0.010555396621176846,0.02082467890444264,0.013382084082414085,0.016076071715278747,0.015254353530478874,0.01635979916385406,0.01941923373086013,0.017015278091934035,0.014948145849132377,0.011849881174286352,0.013974250900240839,0.01917799239196776,0.013841847155876181,0.01581253134440523,0.012948532630947201,0.01604187691458151,0.01588566736425779,0.014425765528399316,0.02110916663285148,0.01358967884938656,0.013071984212110924,0.01455887177577142,0.012632973797200778,0.015271499807280781,0.019131452743300473,0.011527778717149785,0.012655428937425148,0.012363008027526266,0.011972945098955821,0.014354625275392507,0.017931360550627874,0.016083979167893538,0.017437091936357337,0.015814397662309174,0.014001026787207209,0.02068520844589786,0.013480925086781158,0.013540258083472255,0.019938216418503203,0.018037927459048652,0.07595986230215529,0.019487007888077255,0.020789622036520627
weariness,0.011798003312107487,0.017437658186177797,0.016645350475986084,0.015218474145443625,0.012554832903427134,0.013816121544618415,0.01328535744898056,0.013586434428760546,0.013761619488781702,0.0156309058955551,0.015937070867332915,0.014580763879726358,0.012232655073647411,0.013304807097376893,0.017972927274319133,0.015535870326244821,0.016050146319681324,0.010995386499806808,0.0196089417776504,0.01427792176456721,0.014157583330393497,0.012834975698782745,0.012660763031980299,0.016185620909968012,0.02492831648496524,0.022701904092699805,0.011473908821679504,0.01270873413649396,0.015588499205425594,0.011776868180673741,0.014368577339134476,0.01203397101524711,0.024303598541418846,0.02432958295026184,0.012683703469482806,0.017554410316219647,0.01423297554856735,0.012266631519194385,0.01538250503795449,0.013810705269355789,0.015759110553380862,0.014930284474462088,0.012067068869579712,0.012236962742158046,0.012785315611528557,0.014627845459195246,0.014862268875498878,0.015312912213092245,0.014218198758139318,0.016447221310933593,0.01483577168596612,0.02098610037162123,0.024461868915134084,0.014958687390547823,0.014493407424403372,0.02057009728115472,0.016515458712366152,0.02114220648615894,0.08241178443997768,0.016162344814610537
worry,0.011795117772418807,0.020066545682832518,0.017905021653602485,0.015582507704696949,0.011577214344978983,0.012487807145869643,0.016409117954559144,0.015572614754081776,0.012237614447706147,0.014131734585566574,0.02370731060352435,0.01403285525611395,0.011063999784907623,0.01434698148510858,0.020051765182806918,0.025518750442181166,0.019787519344134707,0.01073427345822278,0.020107532115019304,0.012658399871859592,0.01671060669642298,0.0157637303762062,0.02159258047069678,0.01957872310044628,0.013411812158502475,0.011740785507374894,0.011481309999619589,0.014480173374522362,0.024313910933897787,0.015201050697620015,0.01622517038072019,0.01481323892884091,0.012712207836148837,0.012510834858840556,0.015471359742257688,0.021678574368708348,0.013662525696434667,0.014527643580677312,0.01301820163876533,0.01077432562995867,0.014314334547505645,0.022892017415473778,0.011793568453174854,0.01220635745429215,0.012469751144358412,0.009761636485892232,0.01274738493586869,0.02032228349356303,0.01701783198201076,0.01742962762647104,0.01714014671049905,0.010835981101463988,0.017182641611295103,0.013067019806814448,0.012958796126828792,0.017020041386551967,0.017515341743851526,0.02120585399629745,0.015195268974653562,0.07748066543627975
